,Valence_ES,Dominance_ES,Arousal_ES,Val_Dom,Dom_Aro,Aro_Val
100,"SignificanceResult(statistic=0.1627962124238349, pvalue=0.10559580012145575)","SignificanceResult(statistic=0.0019143292695971658, pvalue=0.9849187826149927)","SignificanceResult(statistic=0.070953862640875, pvalue=0.48298926364598627)","SignificanceResult(statistic=0.4821638116124229, pvalue=3.784731339359758e-07)","SignificanceResult(statistic=0.5470964376463002, pvalue=3.873885772349538e-09)","SignificanceResult(statistic=0.5434074176915186, pvalue=5.161030201234483e-09)"
1000,"SignificanceResult(statistic=0.14822423196284654, pvalue=2.5086529601446726e-06)","SignificanceResult(statistic=-0.10705766199504967, pvalue=0.0006964418744642744)","SignificanceResult(statistic=-0.15266772776744617, pvalue=1.233385383826572e-06)","SignificanceResult(statistic=0.1313659197161705, pvalue=3.085940283143738e-05)","SignificanceResult(statistic=0.44608856399359714, pvalue=4.62477267685391e-50)","SignificanceResult(statistic=0.4801500249172916, pvalue=8.416854414002285e-59)"
10000,"SignificanceResult(statistic=0.09496482437778805, pvalue=1.7857905350674774e-21)","SignificanceResult(statistic=-0.13030500439501286, pvalue=4.02788863030852e-39)","SignificanceResult(statistic=-0.2067853109946189, pvalue=5.10836472517257e-97)","SignificanceResult(statistic=-0.17966788581198012, pvalue=2.5574777760850728e-73)","SignificanceResult(statistic=0.3207911377223095, pvalue=4.2656551270737946e-238)","SignificanceResult(statistic=0.49206232791827664, pvalue=0.0)"
19572,"SignificanceResult(statistic=0.07264598127725343, pvalue=2.538641686684884e-24)","SignificanceResult(statistic=-0.11964508768450573, pvalue=2.539405525201106e-63)","SignificanceResult(statistic=-0.19765677675128135, pvalue=1.2777099700231642e-171)","SignificanceResult(statistic=-0.23583007865668287, pvalue=1.6337999326422297e-245)","SignificanceResult(statistic=0.302485017371449, pvalue=0.0)","SignificanceResult(statistic=0.4805596102893448, pvalue=0.0)"
